<keymap version="1" name="Default for XWin copy" parent="Default for XWin">
  <action id="CIDR.Lang.Cpp.GenerateTest">
    <keyboard-shortcut first-keystroke="shift ctrl y" />
    <keyboard-shortcut first-keystroke="shift ctrl alt y" />
  </action>
  <action id="Dart.NewDartFile">
    <keyboard-shortcut first-keystroke="ctrl alt d" />
  </action>
  <action id="RearrangeCode">
    <keyboard-shortcut first-keystroke="shift ctrl alt r" />
  </action>
  <action id="ReformatCode">
    <keyboard-shortcut first-keystroke="shift ctrl alt 3" />
  </action>
  <action id="ShowReformatFileDialog">
    <keyboard-shortcut first-keystroke="shift ctrl alt 4" />
  </action>
  <action id="SurroundWith">
    <keyboard-shortcut first-keystroke="ctrl alt t" />
    <keyboard-shortcut first-keystroke="shift ctrl alt f" />
  </action>
  <action id="de.mprengemann.intellij.plugin.androidicons.actions.VectorsAction">
    <keyboard-shortcut first-keystroke="shift ctrl alt g" />
  </action>
</keymap>